-- MySQL dump 10.17  Distrib 10.3.25-MariaDB, for debian-linux-gnu (x86_64)
--
-- Host: localhost    Database: basedobot
-- ------------------------------------------------------
-- Server version	10.3.25-MariaDB-0ubuntu0.20.04.1

/*!40101 SET @OLD_CHARACTER_SET_CLIENT=@@CHARACTER_SET_CLIENT */;
/*!40101 SET @OLD_CHARACTER_SET_RESULTS=@@CHARACTER_SET_RESULTS */;
/*!40101 SET @OLD_COLLATION_CONNECTION=@@COLLATION_CONNECTION */;
/*!40101 SET NAMES utf8mb4 */;
/*!40103 SET @OLD_TIME_ZONE=@@TIME_ZONE */;
/*!40103 SET TIME_ZONE='+00:00' */;
/*!40014 SET @OLD_UNIQUE_CHECKS=@@UNIQUE_CHECKS, UNIQUE_CHECKS=0 */;
/*!40014 SET @OLD_FOREIGN_KEY_CHECKS=@@FOREIGN_KEY_CHECKS, FOREIGN_KEY_CHECKS=0 */;
/*!40101 SET @OLD_SQL_MODE=@@SQL_MODE, SQL_MODE='NO_AUTO_VALUE_ON_ZERO' */;
/*!40111 SET @OLD_SQL_NOTES=@@SQL_NOTES, SQL_NOTES=0 */;

--
-- Table structure for table `ingredientes`
--

DROP TABLE IF EXISTS `ingredientes`;
/*!40101 SET @saved_cs_client     = @@character_set_client */;
/*!40101 SET character_set_client = utf8 */;
CREATE TABLE `ingredientes` (
  `id` int(11) NOT NULL AUTO_INCREMENT,
  `descricao` varchar(30) NOT NULL,
  `url_imagem` varchar(300) DEFAULT NULL,
  `mensagem` varchar(200) DEFAULT NULL,
  `description` varchar(30) DEFAULT NULL,
  `message` varchar(200) DEFAULT NULL,
  PRIMARY KEY (`id`)
) ENGINE=InnoDB AUTO_INCREMENT=12 DEFAULT CHARSET=utf8mb4;
/*!40101 SET character_set_client = @saved_cs_client */;

--
-- Dumping data for table `ingredientes`
--

LOCK TABLES `ingredientes` WRITE;
/*!40000 ALTER TABLE `ingredientes` DISABLE KEYS */;
INSERT INTO `ingredientes` VALUES (1,'Queijo','./images/comida/queijo.svg','Um queijo 🧀🧀 apareceu! Pegue já!','Cheese','A cheese 🧀🧀 has appeared! Get it now!'),(2,'Calabresa','./images/comida/calabresa.png','Chegou a calabresa 🍖🍗 ! Aproveite!','Pepperoni','The pepperoni arrived 🍖🍗! Enjoy!'),(3,'Queijo sem Lactose','./images/comida/queijo_sem_lactose.svg','Um queijo 🧀 (sem lactose) apareceu! Pega que é bom!','Lactose-free cheese ','A (lactose-free) cheese 🧀 appeared! Take it that\'s good!'),(4,'Azeitona','./images/comida/azeitona.png','Olha a azeitona! Pega que é sem caroço!','Olive','Look at the olive! Catch that it\'s pitted!'),(5,'Orégano','./images/comida/oregano.png','É verde, é bacana e vai na pizza! Vai um orégano?','Oregano','It\'s green, it\'s cool and it goes on the pizza! Are you going for an oregano?'),(6,'Tomate','./images/comida/tomate.png','🍅 Toma toma toma um tomate! 🍅','Tomato','🍅 Take take take a tomato! 🍅'),(7,'Alho','./images/comida/alho.png','Olha o alhooo 🧄🧄🧄','Garlic','Loook! At! This! Garlic! 🧄🧄🧄'),(8,'Azeite/Óleo','./images/comida/azeite.png','Abram seus óleos 👀! (Mas pode ser azeite)','Olive oil','Open your Eyls 👀! (But could be an oil)'),(9,'Bacon','./images/comida/bacon.png','🐷 Bacon, bacon, vem cá! 🐖','Bacon','🐷 Bacon, bacon, come here! 🐖'),(10,'Milho','./images/comida/milho.svg','🌽 Ólha o carro do milho passando no chat! 🌽','Corn','🌽 Look at the corn car passing through your chat! 🌽'),(11,'Supresa','./images/comida/mistery_box.png','Um ingrediente secreto apareceu!','Surprise','A secret ingredient has appeared!');
/*!40000 ALTER TABLE `ingredientes` ENABLE KEYS */;
UNLOCK TABLES;

--
-- Table structure for table `ingredientes_pizzas`
--

DROP TABLE IF EXISTS `ingredientes_pizzas`;
/*!40101 SET @saved_cs_client     = @@character_set_client */;
/*!40101 SET character_set_client = utf8 */;
CREATE TABLE `ingredientes_pizzas` (
  `id` int(11) NOT NULL AUTO_INCREMENT,
  `id_pizza` int(11) NOT NULL,
  `id_ingrediente` int(11) NOT NULL,
  PRIMARY KEY (`id`)
) ENGINE=InnoDB AUTO_INCREMENT=33 DEFAULT CHARSET=utf8mb4;
/*!40101 SET character_set_client = @saved_cs_client */;

--
-- Dumping data for table `ingredientes_pizzas`
--

LOCK TABLES `ingredientes_pizzas` WRITE;
/*!40000 ALTER TABLE `ingredientes_pizzas` DISABLE KEYS */;
INSERT INTO `ingredientes_pizzas` VALUES (1,1,1),(2,1,9),(3,1,10),(4,3,1),(5,3,2),(6,2,1),(7,2,7),(8,2,8),(9,4,1),(10,4,4),(11,4,6),(12,5,3),(13,5,9),(14,5,10),(15,6,3),(16,6,4),(17,6,6),(18,7,3),(19,7,7),(20,7,8),(21,8,2),(22,8,3),(23,1,5),(24,2,5),(25,3,5),(26,4,5),(27,5,5),(28,6,5),(29,7,5),(30,8,5);
/*!40000 ALTER TABLE `ingredientes_pizzas` ENABLE KEYS */;
UNLOCK TABLES;

--
-- Table structure for table `ingredientes_usuario`
--

DROP TABLE IF EXISTS `ingredientes_usuario`;
/*!40101 SET @saved_cs_client     = @@character_set_client */;
/*!40101 SET character_set_client = utf8 */;
CREATE TABLE `ingredientes_usuario` (
  `id` int(11) NOT NULL AUTO_INCREMENT,
  `id_usuario` int(11) NOT NULL,
  `id_ingrediente` int(11) NOT NULL,
  `quantidade` int(11) DEFAULT NULL,
  PRIMARY KEY (`id`)
) ENGINE=InnoDB AUTO_INCREMENT=311 DEFAULT CHARSET=utf8mb4;
/*!40101 SET character_set_client = @saved_cs_client */;

--
-- Dumping data for table `ingredientes_usuario`
--

LOCK TABLES `ingredientes_usuario` WRITE;
/*!40000 ALTER TABLE `ingredientes_usuario` DISABLE KEYS */;
INSERT INTO `ingredientes_usuario` VALUES (68,2,9,1),(69,2,8,3),(70,2,3,8),(71,6,8,1),(72,6,2,1),(73,6,7,2),(74,2,1,3),(75,88,3,2),(76,88,10,1),(77,88,6,3),(78,2,6,3),(79,2,7,6),(80,88,9,2),(81,88,7,1),(82,2,5,4),(83,6,5,1),(84,88,5,1),(85,2,2,7),(86,88,2,1),(87,88,1,1),(88,10,5,2),(89,26,6,1),(90,26,4,1),(91,26,3,1),(92,89,1,1),(93,1,2,4),(94,78,10,1),(95,78,5,2),(96,78,4,1),(97,78,2,1),(98,55,5,10),(99,55,1,1),(100,24,5,10),(101,24,6,12),(102,24,8,10),(103,24,2,5),(104,24,4,8),(105,1,4,2),(106,1,10,4),(107,24,10,11),(108,1,7,2),(109,54,3,20),(110,92,8,1),(111,54,8,5),(112,92,3,1),(113,24,3,12),(114,24,1,5),(115,54,5,3),(116,54,4,0),(117,54,6,14),(118,54,2,4),(119,93,8,1),(120,54,10,12),(121,24,9,7),(122,6,10,1),(123,1,1,2),(124,1,3,3),(125,61,3,2),(126,1,6,2),(127,51,5,4),(128,51,2,1),(129,51,8,2),(130,1,8,2),(131,91,8,1),(132,51,4,1),(133,51,1,1),(134,51,9,1),(135,91,5,1),(136,51,6,1),(137,24,7,11),(138,61,9,1),(139,16,10,12),(140,90,9,1),(141,90,4,1),(142,16,4,7),(143,16,3,23),(144,16,5,0),(145,97,1,4),(146,16,1,3),(147,97,4,2),(148,97,7,2),(149,16,7,13),(150,97,8,1),(151,16,8,11),(152,97,6,2),(153,97,3,2),(154,16,6,22),(155,16,2,9),(156,16,9,16),(157,60,2,1),(158,1,9,1),(159,15,1,2),(160,15,10,7),(161,15,4,4),(162,15,9,7),(163,15,8,7),(164,54,9,18),(165,15,7,7),(166,54,1,6),(167,15,3,4),(168,15,2,7),(169,2,4,2),(170,61,1,0),(171,61,5,1),(172,1,5,1),(173,55,8,2),(174,55,2,2),(175,55,10,2),(176,55,6,4),(177,55,3,5),(178,15,6,6),(179,109,10,1),(180,109,1,6),(181,115,9,1),(182,111,9,1),(183,12,4,3),(184,12,1,1),(185,109,5,2),(186,55,7,2),(187,119,7,1),(188,10,7,4),(189,10,6,3),(190,10,4,1),(191,112,10,6),(192,119,3,1),(193,119,5,1),(194,69,5,1),(195,55,4,1),(196,39,5,3),(197,109,6,2),(198,10,1,1),(199,124,10,1),(200,124,3,2),(201,54,7,10),(202,118,3,1),(203,12,5,1),(204,12,7,1),(205,12,2,1),(206,112,8,7),(207,15,5,3),(208,112,6,2),(209,10,2,1),(210,4,2,1),(211,4,8,2),(212,12,8,1),(213,112,1,4),(214,112,5,0),(215,39,2,2),(216,151,8,1),(217,152,8,1),(218,39,4,1),(219,154,6,2),(220,155,2,1),(221,61,6,1),(222,112,7,4),(223,112,3,8),(224,154,1,1),(225,39,7,3),(226,154,5,3),(227,159,7,2),(228,139,7,1),(229,39,3,1),(230,123,8,6),(231,123,6,9),(232,160,6,1),(233,154,8,1),(234,123,9,13),(235,163,9,0),(236,154,9,2),(237,160,9,0),(238,123,10,6),(239,167,10,1),(240,168,10,1),(241,123,7,10),(242,160,7,2),(243,163,7,1),(244,144,7,2),(245,160,5,1),(246,172,5,1),(247,172,6,1),(248,39,6,2),(249,4,6,1),(250,4,1,2),(251,164,1,2),(252,160,1,1),(253,4,4,1),(254,160,4,1),(255,160,10,2),(256,155,7,1),(257,109,7,0),(258,144,3,1),(259,109,3,2),(260,123,3,6),(261,160,3,1),(262,124,7,1),(263,155,5,1),(264,170,7,4),(265,6,6,1),(266,124,1,1),(267,125,1,1),(268,4,3,0),(269,55,9,1),(270,125,3,2),(271,123,5,4),(272,170,8,2),(273,154,1,1),(274,123,1,7),(275,154,9,1),(276,112,9,12),(277,4,9,1),(278,4,10,1),(279,154,10,2),(280,10,3,2),(281,10,9,1),(282,10,8,1),(283,109,9,1),(284,112,4,3),(285,123,2,0),(286,69,9,1),(287,123,4,3),(288,109,8,1),(289,187,5,1),(290,170,1,0),(291,193,1,1),(292,213,6,1),(293,193,6,4),(294,170,3,4),(295,170,5,5),(296,170,9,1),(297,170,6,1),(298,170,2,2),(299,170,4,1),(300,26,5,1),(301,221,7,2),(302,26,7,2),(303,220,2,1),(304,220,5,5),(305,220,10,1),(306,220,8,2),(307,220,3,0),(308,211,6,1),(309,215,4,3),(310,211,3,3);
/*!40000 ALTER TABLE `ingredientes_usuario` ENABLE KEYS */;
UNLOCK TABLES;

--
-- Table structure for table `pizzas`
--

DROP TABLE IF EXISTS `pizzas`;
/*!40101 SET @saved_cs_client     = @@character_set_client */;
/*!40101 SET character_set_client = utf8 */;
CREATE TABLE `pizzas` (
  `id` int(11) NOT NULL AUTO_INCREMENT,
  `descricao` varchar(60) NOT NULL,
  `url_imagem` varchar(300) DEFAULT NULL,
  `description` varchar(60) DEFAULT NULL,
  PRIMARY KEY (`id`)
) ENGINE=InnoDB AUTO_INCREMENT=9 DEFAULT CHARSET=utf8mb4;
/*!40101 SET character_set_client = @saved_cs_client */;

--
-- Dumping data for table `pizzas`
--

LOCK TABLES `pizzas` WRITE;
/*!40000 ALTER TABLE `pizzas` DISABLE KEYS */;
INSERT INTO `pizzas` VALUES (1,'Milho e Bacon','./images/pizza/pizza_milho_bacon.png','Corn and Bacon'),(2,'Alho e Óleo',NULL,'Garlic and Olive oil'),(3,'Calabresa','./images/pizza/calabresa.png','Pepperoni'),(4,'Tomate com Azeitona',NULL,'Tomatoes with olives'),(5,'Milho e Bacon (Sem lactose)','./images/pizza/pizza_milho_bacon.png','Corn and Bacon (lactose-free)'),(6,'Tomate com Azeitona (Sem lactose)',NULL,'Tomatoes with olives (lactose-free)'),(7,'Alho e Óleo (Sem lactose)',NULL,'Garlic and Olive oil (lactose-free)'),(8,'Calabresa (Sem lactose)','./images/pizza/calabresa.png','Pepperoni (lactose-free)');
/*!40000 ALTER TABLE `pizzas` ENABLE KEYS */;
UNLOCK TABLES;

--
-- Table structure for table `tentativas_fome`
--

DROP TABLE IF EXISTS `tentativas_fome`;
/*!40101 SET @saved_cs_client     = @@character_set_client */;
/*!40101 SET character_set_client = utf8 */;
CREATE TABLE `tentativas_fome` (
  `id` int(11) NOT NULL AUTO_INCREMENT,
  `id_usuario` int(11) DEFAULT NULL,
  `pontos` float NOT NULL DEFAULT 0,
  `data_tentativa` date DEFAULT curdate(),
  `extra` tinyint(1) DEFAULT NULL,
  PRIMARY KEY (`id`)
) ENGINE=InnoDB AUTO_INCREMENT=618 DEFAULT CHARSET=utf8mb4;
/*!40101 SET character_set_client = @saved_cs_client */;

--
-- Dumping data for table `tentativas_fome`
--

LOCK TABLES `tentativas_fome` WRITE;
/*!40000 ALTER TABLE `tentativas_fome` DISABLE KEYS */;
INSERT INTO `tentativas_fome` VALUES (32,1,6.63,'2021-04-01',0),(33,1,6.45,'2021-04-01',0),(34,4,8.41,'2021-04-01',0),(35,38,8.08,'2021-04-01',0),(36,37,0.09,'2021-04-01',0),(37,24,7.26,'2021-04-01',0),(38,2,4.77,'2021-04-01',0),(39,6,6.88,'2021-04-01',0),(40,24,7.9,'2021-04-05',0),(41,6,3.34,'2021-04-05',0),(42,1,5.1,'2021-04-05',0),(43,1,1.3,'2021-04-05',0),(44,24,7.33,'2021-04-05',0),(45,2,5.77,'2021-04-05',0),(46,24,2.94,'2021-04-07',0),(47,24,2.49,'2021-04-07',0),(48,1,5.09,'2021-04-07',0),(49,1,6.93,'2021-04-07',0),(50,15,1.84,'2021-04-07',0),(51,1,6.05,'2021-04-08',0),(52,1,3.15,'2021-04-08',0),(53,2,0.42,'2021-04-08',0),(54,24,2.64,'2021-04-08',0),(55,24,9.16,'2021-04-08',0),(56,15,8.45,'2021-04-08',0),(57,51,9.08,'2021-04-08',0),(58,6,5.39,'2021-04-08',0),(59,27,7.63,'2021-04-08',0),(60,47,5.97,'2021-04-08',0),(61,24,0.66,'2021-04-09',0),(62,24,7.76,'2021-04-09',0),(63,1,8.38,'2021-04-09',0),(64,1,6.99,'2021-04-09',0),(65,2,9.8,'2021-04-09',0),(66,6,2.81,'2021-04-09',0),(67,2,8.18,'2021-04-12',0),(68,6,9.45,'2021-04-12',0),(69,59,7.44,'2021-04-12',0),(70,55,8.22,'2021-04-12',0),(71,24,8.83,'2021-04-14',0),(72,24,0.86,'2021-04-14',0),(73,26,3.83,'2021-04-14',0),(74,2,6.29,'2021-04-14',0),(75,1,2.67,'2021-04-16',0),(76,1,3.69,'2021-04-16',0),(77,24,1.5,'2021-04-16',0),(78,24,3.16,'2021-04-16',0),(79,6,2.75,'2021-04-16',0),(80,2,7.47,'2021-04-16',0),(81,24,5.8,'2021-04-19',0),(82,2,1.46,'2021-04-19',0),(83,24,6.38,'2021-04-19',0),(84,6,6.67,'2021-04-19',0),(85,6,7.03,'2021-04-19',0),(86,24,6.69,'2021-04-21',0),(87,24,5.26,'2021-04-21',0),(88,55,6.4,'2021-04-21',0),(89,2,4.43,'2021-04-21',0),(90,6,7.78,'2021-04-21',0),(91,54,9.46,'2021-04-21',0),(92,6,4.2,'2021-04-21',0),(93,4,8.44,'2021-04-21',0),(94,31,5.91,'2021-04-21',0),(95,26,4.12,'2021-04-21',0),(96,26,4.14,'2021-04-22',0),(97,24,8.4,'2021-04-22',0),(98,24,6.41,'2021-04-22',0),(99,6,7.19,'2021-04-22',0),(100,6,8.98,'2021-04-22',0),(101,1,4.87,'2021-04-22',0),(102,1,0.82,'2021-04-22',0),(103,2,1.35,'2021-04-22',0),(104,4,1.06,'2021-04-22',0),(105,74,4.88,'2021-04-22',0),(106,2,8.75,'2021-04-23',0),(107,1,9.78,'2021-04-23',0),(108,1,5.62,'2021-04-23',0),(109,24,8.5,'2021-04-23',0),(110,24,8.74,'2021-04-23',0),(111,78,0.99,'2021-04-23',0),(112,55,0.12,'2021-04-23',0),(113,6,4.3,'2021-04-23',0),(114,6,3.44,'2021-04-23',0),(115,16,2.52,'2021-04-23',0),(116,54,0.72,'2021-04-23',0),(117,2,1.59,'2021-04-26',0),(118,6,2.56,'2021-04-26',0),(119,6,8.94,'2021-04-26',0),(120,55,0.04,'2021-04-26',0),(121,24,6.97,'2021-04-26',0),(122,24,0.26,'2021-04-26',0),(123,1,3.52,'2021-04-26',0),(124,1,7.06,'2021-04-26',0),(125,55,3.79,'2021-04-28',0),(126,24,7.88,'2021-04-28',0),(127,24,4.56,'2021-04-28',0),(128,6,5.57,'2021-04-28',0),(129,6,5.58,'2021-04-28',0),(130,1,5.79,'2021-04-28',0),(131,1,2.86,'2021-04-28',0),(134,24,1.5,'2021-05-05',0),(135,24,9.87,'2021-05-05',0),(136,6,4.15,'2021-05-05',0),(137,6,8.13,'2021-05-05',0),(138,4,0.19,'2021-05-05',0),(139,55,2.81,'2021-05-05',0),(140,2,8.18,'2021-05-05',0),(141,24,6.94,'2021-05-10',0),(142,24,0.94,'2021-05-10',0),(143,2,7.45,'2021-05-10',0),(144,4,2.41,'2021-05-10',0),(145,6,5.21,'2021-05-10',0),(146,6,0.51,'2021-05-10',0),(147,2,0,'2021-05-10',0),(148,2,0,'2021-05-10',0),(149,55,1.38,'2021-05-10',0),(150,2,0,'2021-05-10',0),(151,88,0,'2021-05-10',0),(152,88,0,'2021-05-10',0),(153,88,0,'2021-05-10',0),(154,2,0,'2021-05-10',0),(155,6,0,'2021-05-10',0),(156,24,2.07,'2021-05-12',0),(157,24,0.98,'2021-05-12',0),(158,26,4.14,'2021-05-12',0),(159,2,5.67,'2021-05-12',0),(160,55,8.14,'2021-05-12',0),(161,1,5.59,'2021-05-12',0),(162,1,1.12,'2021-05-12',0),(163,89,9.03,'2021-05-12',0),(164,78,8.72,'2021-05-12',0),(165,6,9.27,'2021-05-12',0),(166,6,7.88,'2021-05-12',0),(167,24,9.64,'2021-05-19',0),(168,24,3.32,'2021-05-19',0),(169,91,7.84,'2021-05-19',0),(170,1,6.4,'2021-05-19',0),(171,1,2.02,'2021-05-19',0),(172,54,8.65,'2021-05-19',0),(173,6,6.7,'2021-05-19',0),(174,1,7.16,'2021-05-21',0),(175,91,8.02,'2021-05-21',0),(176,1,9.37,'2021-05-21',0),(177,2,0.35,'2021-05-21',0),(178,6,1.38,'2021-05-21',0),(179,24,9.82,'2021-05-21',0),(180,24,8.92,'2021-05-21',0),(183,2,9.57,'2021-05-25',0),(184,16,1.22,'2021-05-25',0),(185,24,3.72,'2021-05-25',0),(186,24,8.62,'2021-05-25',0),(187,24,5.99,'2021-05-25',1),(188,6,8.12,'2021-05-25',0),(189,1,4.01,'2021-05-25',0),(190,16,8.95,'2021-05-25',1),(191,2,5.8,'2021-05-25',1),(192,16,6.69,'2021-05-28',0),(193,24,0.5,'2021-05-28',0),(194,24,1.6,'2021-05-28',0),(195,2,8.18,'2021-05-28',0),(196,2,9.33,'2021-05-28',1),(197,16,9.85,'2021-05-28',1),(198,2,4.42,'2021-05-31',0),(199,24,9.72,'2021-05-31',0),(200,24,6.16,'2021-05-31',0),(201,55,4.45,'2021-05-31',0),(202,16,4.52,'2021-05-31',0),(203,16,8.34,'2021-05-31',1),(207,10,1.09,'2021-06-25',0),(208,15,4.92,'2021-06-25',0),(209,15,6.61,'2021-06-25',1),(210,55,5.63,'2021-06-25',0),(211,55,9.1,'2021-06-25',0),(212,54,7.37,'2021-06-25',1),(213,2,2.09,'2021-06-25',0),(214,1,8.87,'2021-06-25',0),(215,55,9.82,'2021-07-13',0),(216,16,9.86,'2021-07-13',0),(217,55,8.13,'2021-07-13',0),(218,104,8.27,'2021-07-14',0),(219,61,6.53,'2021-07-14',0),(220,55,7.68,'2021-07-14',0),(221,55,9.72,'2021-07-14',0),(222,2,8,'2021-07-14',0),(223,24,6.19,'2021-07-19',0),(224,24,5.46,'2021-07-19',0),(225,55,3.67,'2021-07-19',0),(226,55,2.31,'2021-07-19',0),(227,4,7.82,'2021-07-19',0),(228,55,8.22,'2021-07-19',1),(229,109,2.85,'2021-07-19',0),(230,16,3.21,'2021-07-19',0),(231,55,5.98,'2021-07-20',0),(232,55,2.64,'2021-07-20',0),(233,15,9.56,'2021-07-20',0),(234,24,4.83,'2021-07-20',0),(235,24,6.65,'2021-07-20',0),(236,2,7.91,'2021-07-21',0),(237,24,4.84,'2021-07-21',0),(238,24,9.72,'2021-07-21',0),(239,55,3.95,'2021-07-22',0),(240,55,7.42,'2021-07-22',0),(241,15,9.82,'2021-07-22',0),(242,15,8.57,'2021-07-22',1),(243,54,4.85,'2021-07-22',0),(244,54,6.03,'2021-07-22',1),(245,2,0.09,'2021-07-23',0),(246,15,8.8,'2021-07-23',0),(247,24,4.84,'2021-07-27',0),(248,24,3.39,'2021-07-27',0),(249,4,0.16,'2021-07-27',0),(250,16,3.24,'2021-07-27',0),(251,16,1.96,'2021-07-27',0),(252,55,2.99,'2021-07-28',0),(253,55,5.1,'2021-07-28',0),(254,119,1.75,'2021-07-28',0),(255,16,0.42,'2021-07-30',0),(256,10,0.36,'2021-07-30',0),(257,16,6.97,'2021-07-30',0),(258,128,8.44,'2021-07-30',0),(259,24,8.02,'2021-08-02',0),(260,24,1.01,'2021-08-02',0),(261,112,4.9,'2021-08-02',0),(262,24,9.25,'2021-08-04',0),(263,24,3.84,'2021-08-04',0),(264,119,4.33,'2021-08-04',0),(265,134,2,'2021-08-04',0),(266,69,1.69,'2021-08-04',0),(267,16,1.67,'2021-08-04',0),(268,16,2,'2021-08-04',0),(269,55,2.38,'2021-08-05',0),(270,55,8.98,'2021-08-05',0),(271,15,8.4,'2021-08-05',0),(272,24,7.05,'2021-08-05',0),(273,24,2.73,'2021-08-05',0),(274,55,7.04,'2021-08-06',0),(275,55,9.58,'2021-08-06',0),(276,55,6.19,'2021-08-06',1),(277,15,4.92,'2021-08-06',0),(278,16,2.58,'2021-08-10',0),(279,16,6.33,'2021-08-10',0),(280,104,3.14,'2021-08-10',0),(281,16,9.6,'2021-08-10',1),(282,15,6.71,'2021-08-11',0),(283,16,7.63,'2021-08-11',0),(284,16,8.23,'2021-08-11',0),(285,16,6.65,'2021-08-11',1),(286,12,8.23,'2021-08-11',1),(287,4,9.5,'2021-08-11',0),(288,24,0.62,'2021-08-11',0),(289,24,9.76,'2021-08-11',0),(290,61,2.96,'2021-08-11',0),(291,54,0.25,'2021-08-11',0),(292,15,2.56,'2021-08-12',0),(293,24,2.74,'2021-08-13',0),(294,24,9.83,'2021-08-13',0),(295,24,9.95,'2021-08-13',1),(296,15,1.53,'2021-08-13',0),(297,61,0.29,'2021-08-16',0),(298,54,9.4,'2021-08-16',0),(299,54,4.63,'2021-08-17',0),(300,15,7.72,'2021-08-17',0),(301,1,3.36,'2021-08-18',0),(302,15,1.43,'2021-08-18',0),(303,15,6.55,'2021-08-18',1),(304,4,5.01,'2021-08-19',0),(305,24,2.66,'2021-08-19',0),(306,24,3.89,'2021-08-19',0),(307,24,9.06,'2021-08-19',1),(308,15,7.42,'2021-08-19',0),(309,112,3.64,'2021-08-19',0),(310,39,7.06,'2021-08-19',0),(311,15,8.34,'2021-08-20',0),(312,151,7.91,'2021-08-20',0),(313,55,7.16,'2021-08-20',0),(314,55,9.29,'2021-08-20',0),(315,16,0.5,'2021-08-20',0),(316,16,1.88,'2021-08-20',0),(317,16,9.68,'2021-08-20',1),(318,61,4.96,'2021-08-23',0),(319,54,9.36,'2021-08-23',0),(320,155,0.59,'2021-08-23',0),(321,15,0.14,'2021-08-23',0),(322,24,4.72,'2021-08-23',0),(323,24,7.75,'2021-08-23',0),(324,16,9.2,'2021-08-24',0),(325,16,7.85,'2021-08-24',0),(326,16,7.86,'2021-08-24',1),(327,54,0.56,'2021-08-24',0),(328,15,2.41,'2021-08-24',0),(329,1,3.51,'2021-08-24',0),(330,16,7.92,'2021-08-24',1),(331,15,8.37,'2021-08-24',1),(332,54,8.92,'2021-08-24',1),(333,112,9.52,'2021-08-24',1),(334,39,4.74,'2021-08-25',0),(335,24,2.86,'2021-08-25',0),(336,24,6.69,'2021-08-25',0),(337,54,4.84,'2021-08-25',0),(338,112,2.8,'2021-08-26',0),(339,123,8.11,'2021-08-26',0),(340,160,3.57,'2021-08-26',0),(341,15,2.61,'2021-08-26',0),(342,16,0.38,'2021-08-26',0),(343,16,0.02,'2021-08-26',0),(344,163,3.11,'2021-08-26',0),(345,54,4.63,'2021-08-26',0),(346,16,8.38,'2021-08-26',1),(347,160,6.17,'2021-08-26',1),(348,112,5.53,'2021-08-26',1),(349,163,9.72,'2021-08-26',1),(350,167,2.82,'2021-08-26',0),(351,163,2.93,'2021-08-26',0),(352,144,5.01,'2021-08-26',0),(353,54,8.92,'2021-08-27',0),(354,171,3.09,'2021-08-27',0),(355,15,8.43,'2021-08-27',0),(356,160,1.28,'2021-08-27',0),(357,16,2.85,'2021-08-27',0),(358,16,8.3,'2021-08-27',0),(359,24,5.98,'2021-08-27',0),(360,24,6.25,'2021-08-27',0),(361,4,1.55,'2021-08-30',0),(362,54,9.84,'2021-08-30',0),(363,54,1.02,'2021-08-30',0),(364,15,4.51,'2021-08-30',0),(365,4,0.11,'2021-08-30',0),(366,16,8.6,'2021-08-30',0),(367,16,7.52,'2021-08-30',0),(368,112,1.69,'2021-08-30',0),(369,144,1.19,'2021-08-30',0),(370,54,9.65,'2021-08-30',1),(371,160,9.03,'2021-08-30',0),(372,24,2.6,'2021-08-30',0),(373,24,7.98,'2021-08-30',0),(374,155,5.32,'2021-08-31',0),(375,16,7.28,'2021-08-31',0),(376,16,8.34,'2021-08-31',0),(377,123,7.16,'2021-08-31',0),(378,15,2.71,'2021-08-31',0),(379,15,6.18,'2021-08-31',1),(380,16,5.07,'2021-08-31',1),(381,123,6.34,'2021-08-31',1),(382,160,2.38,'2021-08-31',0),(383,124,9.71,'2021-08-31',0),(384,112,5.97,'2021-08-31',0),(385,24,4.53,'2021-08-31',0),(386,24,4.8,'2021-08-31',0),(387,16,8.39,'2021-08-31',1),(388,109,5.91,'2021-08-31',1),(389,1,6.36,'2021-08-31',0),(390,15,1.89,'2021-09-01',0),(391,15,7.15,'2021-09-01',1),(392,170,2.2,'2021-09-01',0),(393,170,4.03,'2021-09-01',0),(394,16,1.62,'2021-09-02',0),(395,61,7.08,'2021-09-02',0),(396,16,0.42,'2021-09-02',0),(397,15,2.6,'2021-09-02',0),(398,54,8.19,'2021-09-02',0),(399,54,0.32,'2021-09-02',0),(400,54,7.56,'2021-09-02',1),(401,16,6.61,'2021-09-02',1),(402,6,3.01,'2021-09-02',0),(403,6,5.33,'2021-09-02',0),(404,112,8.84,'2021-09-02',0),(405,124,4.96,'2021-09-02',0),(406,125,1.7,'2021-09-02',0),(407,184,3.41,'2021-09-02',0),(408,54,9.49,'2021-09-02',1),(409,112,5.32,'2021-09-02',1),(410,15,4.58,'2021-09-03',0),(411,54,7.71,'2021-09-03',0),(412,54,2.34,'2021-09-03',0),(413,112,9.09,'2021-09-03',0),(414,187,2.35,'2021-09-03',0),(415,4,7.81,'2021-09-03',1),(416,4,8.6,'2021-09-03',0),(417,4,8.1,'2021-09-03',0),(418,15,1.93,'2021-09-09',0),(419,16,6.98,'2021-09-09',0),(420,16,5.5,'2021-09-09',0),(421,24,7.22,'2021-09-09',0),(422,24,2.44,'2021-09-09',0),(423,54,0.83,'2021-09-09',0),(424,54,4.76,'2021-09-09',0),(425,55,1.8,'2021-09-09',0),(426,55,1.59,'2021-09-09',0),(427,4,5.88,'2021-09-09',0),(428,4,3.68,'2021-09-09',0),(429,160,3.7,'2021-09-09',0),(430,187,5.82,'2021-09-09',0),(431,54,8.46,'2021-09-10',0),(432,54,2.24,'2021-09-10',0),(433,16,8.59,'2021-09-10',0),(434,16,3.72,'2021-09-10',0),(435,15,3.86,'2021-09-10',0),(436,24,0.57,'2021-09-10',0),(437,24,7.69,'2021-09-10',0),(438,125,8.97,'2021-09-10',0),(439,55,1.88,'2021-09-10',0),(440,55,5.1,'2021-09-10',0),(441,4,5.16,'2021-09-10',0),(442,4,4.98,'2021-09-10',0),(443,15,2.77,'2021-09-15',0),(444,54,8.08,'2021-09-15',0),(445,54,6.25,'2021-09-15',0),(446,123,0.73,'2021-09-15',0),(447,170,7.47,'2021-09-15',0),(448,4,3.98,'2021-09-15',0),(449,4,4.22,'2021-09-15',0),(450,170,6.27,'2021-09-15',0),(451,15,8.12,'2021-09-15',1),(452,4,5.12,'2021-09-15',1),(453,16,3.62,'2021-09-15',0),(454,16,3.65,'2021-09-15',0),(455,154,1.34,'2021-09-15',0),(456,123,2.73,'2021-09-16',0),(457,16,5.08,'2021-09-16',0),(458,16,3.32,'2021-09-16',0),(459,16,6.26,'2021-09-16',1),(460,123,8.26,'2021-09-16',1),(461,123,9.95,'2021-09-16',1),(462,170,7.94,'2021-09-16',0),(463,54,6.56,'2021-09-16',0),(464,54,7.97,'2021-09-16',0),(465,54,9.51,'2021-09-16',1),(466,4,5.55,'2021-09-16',0),(467,4,2.41,'2021-09-16',0),(468,123,6.59,'2021-09-17',0),(469,16,4.84,'2021-09-17',0),(470,16,6.46,'2021-09-17',0),(471,15,5.38,'2021-09-17',0),(472,15,9.17,'2021-09-17',1),(473,16,9.55,'2021-09-17',1),(474,54,1.25,'2021-09-17',0),(475,54,4.77,'2021-09-17',0),(476,55,6.57,'2021-09-17',0),(477,55,2.6,'2021-09-17',0),(478,10,0.23,'2021-09-21',0),(479,112,5.91,'2021-09-21',0),(480,198,4.9,'2021-09-21',0),(481,16,4.11,'2021-09-21',0),(482,16,0.55,'2021-09-21',0),(483,26,7.63,'2021-09-21',0),(484,123,8.13,'2021-09-22',0),(485,16,1.53,'2021-09-22',0),(486,16,4.64,'2021-09-22',0),(487,54,1.73,'2021-09-22',0),(488,54,2.86,'2021-09-22',0),(489,61,3.77,'2021-09-22',0),(490,4,7.18,'2021-09-22',0),(491,4,8.14,'2021-09-22',0),(492,112,4.87,'2021-09-22',0),(493,24,3.83,'2021-09-22',0),(494,24,8,'2021-09-22',1),(495,112,7.26,'2021-09-22',1),(496,10,9.85,'2021-09-22',0),(500,10,0.97,'2021-09-22',1),(501,10,4.77,'2021-09-22',1),(502,10,4.58,'2021-09-22',0),(503,10,4.63,'2021-09-22',1),(504,10,3.72,'2021-09-22',1),(505,10,2.83,'2021-09-22',1),(506,123,4.11,'2021-09-23',0),(507,55,6.75,'2021-09-23',0),(508,55,1.22,'2021-09-23',0),(509,16,8.48,'2021-09-23',0),(510,16,8.09,'2021-09-23',0),(511,123,5.83,'2021-09-23',0),(512,112,6.63,'2021-09-23',0),(513,16,7.41,'2021-09-23',1),(514,55,7.2,'2021-09-23',1),(515,112,4.54,'2021-09-23',0),(516,54,5.85,'2021-09-23',0),(517,54,2.87,'2021-09-23',0),(518,123,3.09,'2021-09-24',0),(519,123,3.53,'2021-09-24',0),(520,54,8.01,'2021-09-24',0),(521,54,4.9,'2021-09-24',0),(522,55,0.6,'2021-09-24',0),(523,55,1.87,'2021-09-24',0),(524,16,6.97,'2021-09-24',0),(525,16,4.47,'2021-09-24',0),(526,109,6.05,'2021-09-24',0),(527,109,4.32,'2021-09-24',0),(528,16,7.62,'2021-09-24',1),(529,123,6.25,'2021-09-24',1),(530,109,5.84,'2021-09-24',1),(531,16,5.26,'2021-09-24',1),(532,54,7.42,'2021-09-24',1),(533,16,2.48,'2021-09-27',0),(534,16,4.57,'2021-09-27',0),(535,170,4.69,'2021-09-27',0),(536,16,5.15,'2021-09-27',1),(537,123,2.05,'2021-09-27',0),(538,170,9.86,'2021-09-27',0),(539,123,9.49,'2021-09-27',0),(540,16,9.11,'2021-09-28',0),(541,16,6.34,'2021-09-28',0),(542,123,1.85,'2021-09-28',0),(543,170,6.59,'2021-09-28',0),(544,54,0.83,'2021-09-28',0),(545,54,6.92,'2021-09-28',0),(546,170,6.02,'2021-09-28',0),(547,214,4.24,'2021-09-28',0),(548,123,7.16,'2021-09-28',0),(549,123,6.68,'2021-09-28',1),(550,16,5.79,'2021-09-28',1),(551,54,9.11,'2021-09-28',1),(552,170,5.46,'2021-09-28',1),(553,16,6.31,'2021-09-28',1),(554,123,7.08,'2021-09-28',1),(555,54,7.85,'2021-09-28',1),(556,124,3.56,'2021-09-28',0),(557,215,0.76,'2021-09-28',0),(558,112,1.94,'2021-09-28',0),(559,112,2.6,'2021-09-28',0),(560,54,3.28,'2021-09-29',0),(561,54,5.85,'2021-09-29',0),(562,16,2.42,'2021-09-29',0),(563,16,4.99,'2021-09-29',0),(564,10,5.92,'2021-09-29',0),(565,123,8.22,'2021-09-29',0),(566,112,0.38,'2021-09-29',0),(567,215,8.39,'2021-09-29',0),(568,125,3,'2021-09-29',0),(569,112,9.13,'2021-09-29',0),(570,123,5.5,'2021-09-29',0),(571,55,4.07,'2021-09-29',0),(572,170,1.33,'2021-09-29',0),(573,55,9.77,'2021-09-29',0),(574,170,5.11,'2021-09-29',0),(575,54,9.32,'2021-09-29',1),(576,123,9.22,'2021-09-29',1),(577,16,5.62,'2021-09-29',1),(578,112,7.7,'2021-09-29',1),(579,54,8.74,'2021-09-29',1),(580,123,5.43,'2021-09-29',1),(581,16,8.55,'2021-09-29',1),(582,54,7.65,'2021-09-29',1),(583,16,5.33,'2021-09-29',1),(584,16,6.57,'2021-09-30',0),(585,16,3.38,'2021-09-30',0),(586,54,2,'2021-09-30',0),(587,54,3.3,'2021-09-30',0),(588,54,7.62,'2021-09-30',1),(589,54,5.31,'2021-09-30',1),(590,16,7.9,'2021-09-30',1),(591,112,7.09,'2021-09-30',1),(592,16,7.4,'2021-09-30',1),(593,112,4.57,'2021-09-30',0),(594,112,6.34,'2021-09-30',0),(595,215,8.3,'2021-09-30',0),(596,123,0.89,'2021-10-01',0),(597,16,5.04,'2021-10-01',0),(598,123,9.53,'2021-10-01',0),(599,16,0.75,'2021-10-01',0),(600,54,6.64,'2021-10-01',0),(601,54,7.82,'2021-10-01',0),(602,16,9.41,'2021-10-01',1),(603,54,6.42,'2021-10-01',1),(604,123,9.75,'2021-10-01',1),(605,16,7.65,'2021-10-01',1),(606,54,5.76,'2021-10-01',1),(607,16,8.26,'2021-10-01',1),(608,123,7.13,'2021-10-01',1),(609,215,0.77,'2021-10-01',0),(610,215,9.29,'2021-10-01',1),(611,123,8.32,'2021-10-01',1),(612,54,8.99,'2021-10-01',1),(613,61,4.01,'2021-10-01',0),(614,16,7.32,'2021-10-01',1),(615,61,9.13,'2021-10-01',1),(616,16,8.18,'2021-10-01',1),(617,220,8.63,'2021-10-01',1);
/*!40000 ALTER TABLE `tentativas_fome` ENABLE KEYS */;
UNLOCK TABLES;

--
-- Table structure for table `tentativas_fome_extras`
--

DROP TABLE IF EXISTS `tentativas_fome_extras`;
/*!40101 SET @saved_cs_client     = @@character_set_client */;
/*!40101 SET character_set_client = utf8 */;
CREATE TABLE `tentativas_fome_extras` (
  `id_usuario` int(11) NOT NULL,
  `quantidade` int(11) DEFAULT NULL,
  PRIMARY KEY (`id_usuario`)
) ENGINE=InnoDB DEFAULT CHARSET=utf8mb4;
/*!40101 SET character_set_client = @saved_cs_client */;

--
-- Dumping data for table `tentativas_fome_extras`
--

LOCK TABLES `tentativas_fome_extras` WRITE;
/*!40000 ALTER TABLE `tentativas_fome_extras` DISABLE KEYS */;
INSERT INTO `tentativas_fome_extras` VALUES (10,1),(24,1),(112,1);
/*!40000 ALTER TABLE `tentativas_fome_extras` ENABLE KEYS */;
UNLOCK TABLES;

--
-- Table structure for table `trocas_ativas`
--

DROP TABLE IF EXISTS `trocas_ativas`;
/*!40101 SET @saved_cs_client     = @@character_set_client */;
/*!40101 SET character_set_client = utf8 */;
CREATE TABLE `trocas_ativas` (
  `id` int(11) NOT NULL AUTO_INCREMENT,
  `twitch_id` int(11) NOT NULL,
  `id_ingrediente` int(11) NOT NULL,
  `quantidade` int(11) DEFAULT 1,
  `data_postagem` date DEFAULT curdate(),
  `status` int(1) DEFAULT 0,
  `id_ingrediente_requerido` int(11) NOT NULL,
  `quantidade_requerida` int(11) DEFAULT 1,
  `created_at` timestamp null,
  `updated_at` timestamp null,
  PRIMARY KEY (`id`)
) ENGINE=InnoDB DEFAULT CHARSET=utf8mb4;
/*!40101 SET character_set_client = @saved_cs_client */;

--
-- Dumping data for table `trocas_ativas`
--

LOCK TABLES `trocas_ativas` WRITE;
/*!40000 ALTER TABLE `trocas_ativas` DISABLE KEYS */;
/*!40000 ALTER TABLE `trocas_ativas` ENABLE KEYS */;
UNLOCK TABLES;

--
-- Table structure for table `usuarios`
--

DROP TABLE IF EXISTS `usuarios`;
/*!40101 SET @saved_cs_client     = @@character_set_client */;
/*!40101 SET character_set_client = utf8 */;
CREATE TABLE `usuarios` (
  `id` int(11) NOT NULL AUTO_INCREMENT,
  `nick` varchar(30) NOT NULL,
  `sub` tinyint(1) DEFAULT 0,
  `streamer` tinyint(1) DEFAULT 0,
  `data_sub` date DEFAULT NULL,
  `vip` tinyint(1) DEFAULT NULL,
  `twitch_id` bigint(20) DEFAULT NULL,
  PRIMARY KEY (`id`)
) ENGINE=InnoDB AUTO_INCREMENT=229 DEFAULT CHARSET=utf8mb4;
/*!40101 SET character_set_client = @saved_cs_client */;

create table tentativas_fome_comprada (
	id_usuario INT NOT NULL,
    quantidade INT not null
    )

--
-- Dumping data for table `usuarios`
--

LOCK TABLES `usuarios` WRITE;
/*!40000 ALTER TABLE `usuarios` DISABLE KEYS */;
INSERT INTO `usuarios` VALUES (1,'dwtoledo',0,1,NULL,NULL,NULL),(2,'lhenryaraujo',0,0,NULL,NULL,NULL),(3,'pretzelrocks',0,0,NULL,NULL,135204446),(4,'em1dio',0,0,NULL,NULL,52113576),(5,'luca2453',0,0,NULL,NULL,NULL),(6,'cafecodes',1,0,NULL,NULL,587763294),(7,'streamlabs',0,0,NULL,NULL,105166207),(8,'acaverna',0,0,NULL,NULL,651339565),(9,'streamholics',0,0,NULL,NULL,229964854),(10,'adielseffrin',1,0,NULL,NULL,89302205),(11,'winjuliano',0,0,NULL,NULL,NULL),(12,'vlamartine',0,0,NULL,NULL,NULL),(13,'babyyuta',0,0,NULL,NULL,NULL),(14,'rvs20',0,0,NULL,NULL,NULL),(15,'luizhenryaraujo',0,0,NULL,NULL,165254829),(16,'micael_zvpnry',1,0,NULL,NULL,517975756),(17,'zbobys',0,0,NULL,NULL,NULL),(18,'lucasifss',0,0,NULL,NULL,NULL),(19,'streamelements',0,0,NULL,NULL,100135110),(20,'freakyfog',0,0,NULL,NULL,NULL),(21,'mechanicallydev',0,0,NULL,NULL,161441558),(22,'caroldonadel',0,0,NULL,NULL,NULL),(23,'xmfortunato',0,0,NULL,NULL,NULL),(24,'h4n3h',1,0,NULL,NULL,148399875),(25,'diogomiaguy',0,0,NULL,NULL,NULL),(26,'levxyca',0,0,NULL,NULL,164662617),(27,'vertinh0o',0,0,NULL,NULL,NULL),(28,'zfugitiv3',0,0,NULL,NULL,NULL),(29,'toomanyrestrictions',0,0,NULL,NULL,NULL),(30,'eu',0,0,NULL,NULL,NULL),(31,'grumpy_lele',0,0,NULL,NULL,NULL),(32,'lipebrisingr',0,0,NULL,NULL,NULL),(33,'nvvslucas',0,0,NULL,NULL,NULL),(34,'sorakeyblade1',0,0,NULL,NULL,NULL),(35,'born_to_hatee',0,0,NULL,NULL,NULL),(36,'gabrielsjoao',0,0,NULL,NULL,NULL),(37,'presidentebolinho',0,0,NULL,NULL,NULL),(38,'tonhocodes',0,0,NULL,NULL,NULL),(39,'mokatechplays',0,0,NULL,NULL,NULL),(40,'accyps',0,0,NULL,NULL,NULL),(41,'eogusapenas',0,0,NULL,NULL,NULL),(42,'eduardoklosowski',0,0,NULL,NULL,NULL),(43,'edersondeveloper',0,0,NULL,NULL,NULL),(44,'diiogof',0,0,NULL,NULL,NULL),(45,'makvincis',0,0,NULL,NULL,NULL),(46,'figuarnieri',0,0,NULL,NULL,NULL),(47,'izacsucina',0,0,NULL,NULL,NULL),(48,'pokemaobr',0,0,NULL,NULL,37536441),(49,'davibusanello',0,0,NULL,NULL,NULL),(50,'vlmartine',0,0,NULL,NULL,NULL),(51,'x8ing',0,0,NULL,NULL,78587352),(52,'brunildocode',0,0,NULL,NULL,NULL),(53,'allyson_thales',0,0,NULL,NULL,NULL),(54,'monikinhadev',1,0,NULL,NULL,502963034),(55,'brenomazieiro',1,0,NULL,NULL,7048202),(56,'baianinhoinsensivel',0,0,NULL,NULL,NULL),(57,'ellenzeras',0,0,NULL,NULL,NULL),(58,'johnneba',0,0,NULL,NULL,NULL),(59,'ekkopy',0,0,NULL,NULL,NULL),(60,'paulobeckman',0,0,NULL,NULL,NULL),(61,'vcwild',0,0,NULL,NULL,170078760),(63,'jhessojesse',0,0,NULL,NULL,NULL),(64,'fallzer0',0,0,NULL,NULL,NULL),(65,'geislamelo',0,0,NULL,NULL,NULL),(66,'teteusmilgrauu',0,0,NULL,NULL,NULL),(67,'a_nani',0,0,NULL,NULL,NULL),(68,'thiiagoms',0,0,NULL,NULL,NULL),(69,'canturil',0,0,NULL,NULL,105655079),(70,'vitthin',0,0,NULL,NULL,NULL),(71,'tiagumb',0,0,NULL,NULL,NULL),(72,'pachecotau',0,0,NULL,NULL,NULL),(73,'twentyfivemissme',0,0,NULL,NULL,NULL),(74,'relko_sl',0,0,NULL,NULL,NULL),(75,'profbrunolopes',0,0,NULL,NULL,NULL),(76,'dragon200_',0,0,NULL,NULL,NULL),(77,'nick220',0,0,NULL,NULL,NULL),(78,'salescodes',0,0,NULL,NULL,NULL),(79,'andremeiras',0,0,NULL,NULL,NULL),(80,'jorgepaladino64',0,0,NULL,NULL,NULL),(81,'kaduzius',0,0,NULL,NULL,NULL),(82,'igoorr0x',0,0,NULL,NULL,NULL),(83,'herzmayhem',0,0,NULL,NULL,NULL),(84,'reflex0ntwitch',0,0,NULL,NULL,NULL),(85,'guuizi',0,0,NULL,NULL,NULL),(86,'theuzs_oliveira',0,0,NULL,NULL,NULL),(87,'any_castro_jr',0,0,NULL,NULL,NULL),(89,'morgiovanelli',0,0,NULL,NULL,NULL),(90,'tiagovaldrich',0,0,NULL,NULL,NULL),(91,'morgannadev',0,0,NULL,NULL,NULL),(92,'m0n1t0rm4n',0,0,NULL,NULL,NULL),(93,'tanatosxp',0,0,NULL,NULL,NULL),(94,'frotas',0,0,NULL,NULL,NULL),(95,'friedrlch',0,0,NULL,NULL,NULL),(96,'abdieldeathayde67',0,0,NULL,NULL,NULL),(97,'wiildie',0,0,NULL,NULL,NULL),(98,'livedivulgador',0,0,NULL,NULL,NULL),(99,'daviprm_',0,0,NULL,NULL,NULL),(100,'rodrigosantosdev',0,0,NULL,NULL,NULL),(101,'galvaopp',0,0,NULL,NULL,NULL),(102,'iquedet0na',0,0,NULL,NULL,NULL),(103,'inando85',0,0,NULL,NULL,NULL),(104,'dipd1p',0,0,NULL,NULL,NULL),(105,'lengo3',0,0,NULL,NULL,NULL),(106,'gblamim',0,0,NULL,NULL,NULL),(107,'livedivulgators',0,0,NULL,NULL,401766382),(108,'vin1junior',0,0,NULL,NULL,NULL),(109,'rodrigoalbinoh',1,0,NULL,NULL,486921313),(110,'the_flett',0,0,NULL,NULL,NULL),(111,'holivei',0,0,NULL,NULL,NULL),(112,'fdaciuk',1,0,NULL,NULL,495408631),(113,'juniormartinsdev',0,0,NULL,NULL,NULL),(114,'wpkenpachii',0,0,NULL,NULL,NULL),(115,'coldhe4rt_',0,0,NULL,NULL,NULL),(116,'sucksuckvava',0,0,NULL,NULL,NULL),(117,'isaacowski',0,0,NULL,NULL,NULL),(118,'oxechicao',0,0,NULL,NULL,NULL),(119,'daviprm__________________',0,0,NULL,NULL,NULL),(120,'jepaur3',0,0,NULL,NULL,NULL),(121,'vmaarcosp',0,0,NULL,NULL,NULL),(122,'paulo_w',0,0,NULL,NULL,NULL),(123,'ro_dolfosilva',1,0,NULL,NULL,189643106),(124,'jhoni_giacomolli',0,0,NULL,NULL,708824601),(125,'akashiseijurou_',0,0,NULL,NULL,93509005),(126,'matheusdev1',0,0,NULL,NULL,NULL),(127,'enieber',0,0,NULL,NULL,NULL),(128,'thereturn_',0,0,NULL,NULL,NULL),(129,'guicortiz',0,0,NULL,NULL,NULL),(130,'angelorubin',0,0,NULL,NULL,NULL),(131,'polissemizando',0,0,NULL,NULL,NULL),(132,'mila_type',0,0,NULL,NULL,NULL),(133,'mayconxboxlive',0,0,NULL,NULL,NULL),(134,'paulom999',0,0,NULL,NULL,NULL),(135,'oldblackfishing',0,0,NULL,NULL,NULL),(136,'anewbieplayer',0,0,NULL,NULL,NULL),(137,'rafael_baron',0,0,NULL,NULL,NULL),(138,'comerciante_',0,0,NULL,NULL,NULL),(139,'rosanaxica',0,0,NULL,NULL,NULL),(140,'grsoares',0,0,NULL,NULL,NULL),(141,'mariorez',0,0,NULL,NULL,NULL),(142,'bajinho',0,0,NULL,NULL,NULL),(143,'mrjorepias',0,0,NULL,NULL,NULL),(144,'adrianoavelino',0,0,NULL,NULL,NULL),(145,'h4zard_fps',0,0,NULL,NULL,NULL),(146,'paulomoraesdev',0,0,NULL,NULL,NULL),(147,'grandehe4rt',0,0,NULL,NULL,101164568),(148,'eher',0,0,NULL,NULL,NULL),(149,'abdieldeathayde',0,0,NULL,NULL,636122016),(150,'menf1sss',0,0,NULL,NULL,NULL),(151,'cafedodeveloper',0,0,NULL,NULL,696042770),(152,'danyelsalym',0,0,NULL,NULL,39162957),(153,'gaach_',0,0,NULL,NULL,NULL),(154,'tvhoff',0,0,NULL,NULL,245931040),(155,'bifinhuuuu',0,0,NULL,NULL,NULL),(156,'dimitrimaximoffgalahad',0,0,NULL,NULL,NULL),(157,'jsjtux',0,0,NULL,NULL,NULL),(158,'gordaum19',0,0,NULL,NULL,NULL),(159,'aronpc',0,0,NULL,NULL,NULL),(160,'meluiiz',0,0,NULL,NULL,NULL),(161,'joaogabrielsg_',0,0,NULL,NULL,NULL),(162,'xl3onardo',0,0,NULL,NULL,NULL),(163,'iihdave',0,0,NULL,NULL,NULL),(164,'lucaspierre_dticed',0,0,NULL,NULL,NULL),(165,'guizaodefreitas',0,0,NULL,NULL,NULL),(166,'macdexter',0,0,NULL,NULL,NULL),(167,'sedentarismo',0,0,NULL,NULL,NULL),(168,'pataticoo',0,0,NULL,NULL,NULL),(170,'mmillecm',1,0,NULL,NULL,161896659),(171,'daviprm',0,0,NULL,NULL,NULL),(172,'lipe_ee',0,0,NULL,NULL,NULL),(173,'ederfleming',0,0,NULL,NULL,NULL),(174,'ga4be',0,0,NULL,NULL,NULL),(175,'rafadllaquila',0,0,NULL,NULL,NULL),(176,'wesleysenadev',0,0,NULL,NULL,NULL),(177,'vinnydeveloper',0,0,NULL,NULL,NULL),(178,'felipe_gadelha',0,0,NULL,NULL,NULL),(179,'goldzerall',0,0,NULL,NULL,NULL),(180,'mutheusalmeida',0,0,NULL,NULL,NULL),(181,'solskede',0,0,NULL,NULL,NULL),(182,'eachbeef241',0,0,NULL,NULL,NULL),(183,'micheldelarocha',0,0,NULL,NULL,NULL),(184,'thgsfarias',0,0,NULL,NULL,NULL),(185,'the_sups',0,0,NULL,NULL,NULL),(186,'metrodavania',0,0,NULL,NULL,96775663),(187,'katsenseii',0,0,NULL,NULL,138525307),(188,'rodriguescostaneto',0,0,NULL,NULL,NULL),(189,'srflp_',0,0,NULL,NULL,NULL),(190,'odeiotrabalhar',0,0,NULL,NULL,NULL),(191,'theusdev29',0,0,NULL,NULL,NULL),(192,'johna1203',0,0,NULL,NULL,NULL),(193,'raylanfilipekk',0,0,NULL,NULL,133197232),(194,'stackws_',0,0,NULL,NULL,NULL),(196,'patolinoo0',0,0,NULL,NULL,103376583),(197,'edualuc',0,0,NULL,NULL,NULL),(198,'snaaykgplays',0,0,NULL,NULL,NULL),(199,'adielseffrinbot',0,0,NULL,NULL,618023248),(202,'andresiba10',0,0,NULL,NULL,NULL),(203,'casadodev',0,0,NULL,NULL,154169877),(204,'tmpfernando',0,0,NULL,NULL,513230038),(205,'rxquelmoraes',0,0,NULL,NULL,NULL),(206,'akselholmes',0,0,NULL,NULL,98049579),(207,'brunooomelo',0,0,NULL,NULL,NULL),(208,'victorlucss',0,0,NULL,NULL,442967641),(209,'slashzin',0,0,NULL,NULL,NULL),(210,'gatosepudim',0,0,NULL,NULL,NULL),(211,'juniormartinxo',0,0,NULL,NULL,557039970),(212,'higuima',0,0,NULL,NULL,NULL),(213,'jfeernandes',0,0,NULL,NULL,NULL),(214,'bug_elseif',0,0,NULL,NULL,NULL),(215,'nvt_professor',0,0,NULL,NULL,465541946),(216,'ezatoone',0,0,NULL,NULL,NULL),(217,'chefe_master',0,0,NULL,NULL,NULL),(218,'lymreynaldo',0,0,NULL,NULL,NULL),(219,'rastrian',0,0,NULL,NULL,NULL),(220,'vinibarcelos0',0,0,NULL,NULL,494952393),(221,'lord_darksid3',0,0,NULL,NULL,NULL),(222,'lbcosta',0,0,NULL,NULL,NULL),(223,'machiniis',0,0,NULL,NULL,NULL),(224,'digo_bora',0,0,NULL,NULL,NULL),(226,'diana_arcanjo',0,0,NULL,NULL,NULL),(227,'wendelwmg',0,0,NULL,NULL,NULL),(228,'ericksteam',0,0,NULL,NULL,NULL);
/*!40000 ALTER TABLE `usuarios` ENABLE KEYS */;
UNLOCK TABLES;
/*!40103 SET TIME_ZONE=@OLD_TIME_ZONE */;

/*!40101 SET SQL_MODE=@OLD_SQL_MODE */;
/*!40014 SET FOREIGN_KEY_CHECKS=@OLD_FOREIGN_KEY_CHECKS */;
/*!40014 SET UNIQUE_CHECKS=@OLD_UNIQUE_CHECKS */;
/*!40101 SET CHARACTER_SET_CLIENT=@OLD_CHARACTER_SET_CLIENT */;
/*!40101 SET CHARACTER_SET_RESULTS=@OLD_CHARACTER_SET_RESULTS */;
/*!40101 SET COLLATION_CONNECTION=@OLD_COLLATION_CONNECTION */;
/*!40111 SET SQL_NOTES=@OLD_SQL_NOTES */;

-- Dump completed on 2021-10-04  7:59:37
